<?xml version="1.0" encoding="UTF-8" ?>
<Enviroment>

    <!-- WEB CONFIGURATION-->
    <BROWSER_TYPE>firefox</BROWSER_TYPE>
    <TIMEOUT_SECONDS>5</TIMEOUT_SECONDS>
    <WEB_URL>https://atidcollege.co.il/Xamples/pizza/</WEB_URL>
    <API_URL>https://reqres.in/</API_URL>
    <PATH_GET>/api/users</PATH_GET>

    <!-- ACTUAL PLATFORM CONFIGURATION-->
    <PLATFORM_NAME>api</PLATFORM_NAME>

    <!-- DATABASE CONFIGURATION-->
    <DB_URL>jdbc:mysql://sql5.freemysqlhosting.net:3306/sql5508629</DB_URL>
    <DB_USERNAME>sql5508629</DB_USERNAME>
    <DB_PASSWORD>USPmQwHupT</DB_PASSWORD>

    <!-- DESKTOP CONFIGURATION-->
    <DESKTOP_SERVER>http://127.0.0.1:4723</DESKTOP_SERVER>
    <DESKTOP_APPLICATION_NAME>Microsoft.WindowsCalculator_8wekyb3d8bbwe!App</DESKTOP_APPLICATION_NAME>

    <!-- ELECTRON CONFIGURATION-->
    <ELECTRON_PROPERTY_KEY>webdriver.chrome.driver</ELECTRON_PROPERTY_KEY>
    <ELECTRON_PROPERTY_VALUE>C:\Automation\ElectronDriver\electrondriver.exe</ELECTRON_PROPERTY_VALUE>
    <ELECTRON_APPLICATION_PATH>C:\Automation\ElectronApiDemos\ElectronApiDemos.exe</ELECTRON_APPLICATION_PATH>

    <!-- APPIUM CONFIGURATION-->
    <DEVICE_SIGNATURE>ce051605b5d4d82c03</DEVICE_SIGNATURE>
    <APP_PACKAGE>com.experitest.ExperiBank</APP_PACKAGE>
    <APP_ACTIVITY>.LoginActivity</APP_ACTIVITY>
    <APPIUM_SERVER>http://localhost:4723/wd/hub</APPIUM_SERVER>


</Enviroment>